Names,RF_SpT,SVM_SpT,KNN_SpT,SNR,Adopted_SpT
spex-prism_J0014-0838_Luhman2014.txt,sdM9,sdM9,d/sdM7,31,sdL0
spex-prism_J0115+3130_Burgasser2004.txt,d/sdM8,d/sdM8,d/sdM9,28,d/sdM8
spex-prism_J0306-0330_Kirkpatrick2014.txt,d/sdM9,d/sdM9,d/sdM9,52,sdL0
spex-prism_J0330-2348_Bardalez2014.txt,esdM5,esdM6,esdM5,28,sdM8
spex-prism_J0402+1730_Bardalez2014.txt,d/sdM4,sdM4,d/sdM4,24,sdM8
spex-prism_J0435+2115_Luhman2014.txt,sdM9,d/sdM9,d/sdM9,29,sdL0
spex-prism_J0447-1946_Kirkpatrick2010-2.txt,sdM8,sdM7,sdM8,29,sdM8
spex-prism_J1312+1731_Bowler2009.txt,d/sdL0,d/sdL0,d/sdL1,25,d/sdM8
spex-prism_J1359+3031_Burgasser2004.txt,d/sdM7,d/sdM5,d/sdM5,33,d/sdM5
spex-prism_J1541+5425_Burgasser2004.txt,d/sdM5,d/sdM5,d/sdM5,34,d/sdM5
spex-prism_J1559-0356_Burgasser2004.txt,d/sdM9,d/sdM8,d/sdM9,22,d/sdM8
spex-prism_J1640+1231_Burgasser2004.txt,d/sdM9,sdM9,d/sdM9,28,sdL0
spex-prism_J1640+2922_Burgasser2004.txt,d/sdM5,d/sdM5,d/sdM5,12,d/sdM8
spex-prism_J1826+3014_Bardalez2014.txt,d/sdM8,d/sdM8,d/sdM8,119,d/sdM8
spex-prism_J1826+3014_Burgasser2004.txt,d/sdM8,d/sdM8,d/sdM8,225,d/sdM8
spex-prism_J2036+5059_Burgasser2004.txt,sdM7,sdM8,sdM8,199,sdM8
spex-prism_J2331+4607_Bardalez2014.txt,d/sdM7,sdM5,d/sdM5,33,d/sdM5
SDSS J000013.54+255418.6,T4,T4,T4,49,T4
2MASS J0000286-124515,M9,M9,M9,165,M9
SDSS J000112.18+153535.5,L3gamma,L3gamma,L3gamma,24,L3gamma
WISE J000131.93-084126.9,d/sdL1,d/sdL1,d/sdL1,34,d/sdL1
SDSS J00015431-09430070,M8beta,M8beta,M8beta,49,M8beta
2MASS J00045618+0451168,M0,M0,M1,49,M1
NLTT 184,sdM2,sdM4,sdM4,84,sdM4
LEHPM 1-162,M8,M8,M8,205,M8
2MASSI J0006205-172051,L3,L2,L2,79,L2
2MASS J00062250+1300451,L1,L1,L1beta,24,L1beta
WISE J000622.67-131955.2,L9,L9,L9,16,L8
WISE J00062785+1857288,L7,L7,L7,24,L7
SDSS J000632.60+140606.4,L0,L0,M9gamma,47,M9gamma
SDSS J000646.81+151225.8,L3,L4,L3,69,L3
2MASS J00065722+0236124,L2,L3,L2,55,L2
LEHPM 1-204,esdM4,esdM0,esdM0,24,esdM0
2MASS J00082822+3125581,M8,M8,M8beta,41,M8beta
2MASS J00085931+2911521,M8,M8,M8,229,M8
2MASS J00100009-2031122,M8,L0,M8,165,M8
2MASSI J0013578-223520,L5,L5,L5,44,L5
2MASS J00145575-4844171,L2,L2,L2beta,79,L2beta
2MASS J00150206+2959323,L9,L5,L5,30,L6
2MASS J00150673+3006004,L3,L3,L3,37,L3
2MASSW J0015447+351603,L2,L1,L2,161,L2
SDSS J001608.44-004302.3,L6,L6,L6,56,L6
2MASS J00163761+3448368,M8,M8,M8,63,M8
WISE J00164397+2304265,T0,T0,T0,25,T0
2MASS J00165953-4056541,L3gamma,L3,L3gamma,73,L3gamma
LSPM J0018+2853,sdM6,sdM6,esdM5,37,sdM6
PSO J004.7148+51.8918,L6gamma,d/sdL7,L7,24,L6gamma
SDSS J001911.65+003017.8,L2beta,L2beta,L2beta,90,L2beta
2MASS J00193927-3724392,L6,L3,L1gamma,27,L3
2MASS J0019457+521317,M8,M8,M8,102,M8
DENIS-P J0020.9-4414,M9,L0,M9,38,M9gamma
LEHPM 1-494B,L0,L1,L1,101,L1
SDSS J00220934-0110397,M8gamma,M8,M8,68,M8
2MASS J00234750-3239250,M7gamma,M6beta,M7gamma,170,M7gamma
DY Psc,L1,L1,L1,216,L1
2MASS J00264045+0632151,L1,L1,L1,95,L1
2MASS J00265329-0936267,M9,M9,L0,49,L0
PC 0025+04,M9gamma,M9,M9gamma,53,M9gamma
LP 349-25A,M8beta,M8beta,M8beta,105,M8beta
2MASS J0028208+224905,L6,L6,L6,32,L6
2MASSI J0028394+150141,L3gamma,L2beta,L2gamma,49,L2gamma
2MASS J00285545-1927165,L2beta,L2beta,L2beta,66,L1
2MASSW J0030300-145033,L7,L7,L7,45,L7
2MASSW J0030438+313932,L2beta,L2,L0beta,66,L2
SIPS J0031-3840,d/sdL1,L1,L1,72,L1
2MASS J00320509+0219017,L1beta,L1beta,L1beta,162,L1beta
2MASSI J0032431-223727,M9,L0,M9,67,M8
EROS-MP J0032-4405,L0beta,L2beta,L2beta,94,L1beta
SDSSp J003259.36+141036.6,L9,L9,L9,35,L9
2MASS J00332386-1521309,L1,L1beta,L1beta,72,L2
WISEA J003338.45+282732.4,d/sdL7,L7,d/sdL7,45,d/sdL7
2MASSI J0034568-070601,L6,L6,L6,77,L6
LSPM J0035+3934,sdM7,sdM6,sdM7,91,sdM7
SDSS J003609.26+241343.3,L6,L6,L6,5,L8
SDSS J003843.99+134339.5,L1,L1,L1,65,L1
HD 3651B,T8,T8,T8,5,T8
WISE J004024.88+090054.8,T7,T7,T7,9,T7
SDSS J004154.54+134135.5,L1,L1,L1,65,L1
2MASS J00440332+0228112,L2gamma,L2gamma,L2gamma,33,L2gamma
WISE J00440339+0228106,L4gamma,L2gamma,L2gamma,21,L2gamma
2MASS J00451330+1228538,M9,M8,M9,40,M9
2MASSW J0045214+163445,L3gamma,L1gamma,L1gamma,97,L1gamma
2MASS J00452972+4237438,L0beta,L1beta,L1beta,30,L1beta
WISE J004542.56+361139.1,T5,T5,T5,18,T5
2MASS J00464841+0715177,M9gamma,M9gamma,M9gamma,145,M9gamma
WISEP J004701.06+680352.1,L6gamma,L6gamma,L6gamma,64,L6gamma
WISE J004928.48+044059.9,L9,L9,L9,51,L9
WISE J004945.61+215120.0,T9,T9,T9,5,T9
2MASS J00501771+1012528,L1gamma,L1gamma,L1gamma,43,L1gamma
2MASS J00501994-3322402,T7,T7,T7,8,T7
2MASSW J0051107-154417,L3gamma,L6,L6,98,L6
2MASS J00512263-2251317,d/sdM7,M8,d/sdM8,160,M7gamma
2MASS J00521232+0012172,L4,L4,L4,22,L2beta
NLTT 2914,esdM2,esdM2,esdM4,18,esdM5
2MASS J00531899-3631102,L2,L2,L3,109,L3
SDSSp J005406.55-003101.8,L1,L1,L1,74,L1
2MASS J00550460-3052000,M8,M8,M8beta,256,M8
2MASS J00550564+0134365,L3gamma,L3gamma,L3beta,52,L4gamma
SDSS J00570556-0846241,M9,L0,M9,62,M9gamma
2MASSW J0058425-065123,L2beta,L0beta,L2beta,154,L2beta
2MASS J01001471-0301494,L2beta,L2beta,L2beta,31,L2beta
WISEA J010202.11+035541.4,L9,L9,L9,19,L9
2MASS J01030790+450929,L0,L0,L0,204,L0
SIMP J01031050+1940463,M9,M8,M8,23,M8
SDSS J010311.51-004417.0,M8,M8,M8,123,M8
2MASSI J0104075-005328,T0,L4,L2beta,29,L2beta
2MASS J01045111-3327380,M8,M8,M8,27,M8
SDSS J01071600-1517570,M7beta,M7beta,M8beta,197,M8beta
WISE J01073875-1314137,L3gamma,L2gamma,L2gamma,7,L2gamma
SDSSp J010752.33+004156.1,L7gamma,L7,L7,90,L7
SDSS J01084048+1347392,M9gamma,M9,M9,50,M9gamma
2MASS J01090751+0625590,L1,L1,L1,119,L1
SSSPM J0109-4955,M8,M8,M8,81,M8beta
2MASS J01092170+2949255,M9,L0,M9,158,L0
2MASS J01151621+3130061,d/sdM8,d/sdM8,d/sdM9,40,M7
WISE J01163905-1654205,d/sdM8,d/sdM9,d/sdM8,37,M7
2MASS J01165457-1357342,M9,M9,M9,65,M9
2MASS J01165802+4333081,L6,L6,L6,46,L6
2MASSI J0117474-340325,L0,L0gamma,L1gamma,62,L2
2MASS J01183399+1810542,L5,L3,L5,51,L5
2MUCD 10076,M8,M8,M8,251,M8
2MASS J01205253+1518277,M9,M9,M9,41,M9gamma
SSSPM J0124-4240,M8,M8,M8,154,M8
2MASSI J0125369-343505,L1beta,L1beta,L2,69,L2
2MASS J01273917+2805536,M9,M9,M9,109,M9
SDSS J012743.51+135420.9,L5,L5,L5,40,L5
2MASSW J0129122+351758,L6,L6,L6,32,L6
WISE J01303879+3007134,M5,M4,M5,32,M5
2MASS J01330461-1355271,M8gamma,d/sdM8,M8,51,M8gamma
2MASS J01335299+0033017,M9,M9,M9,51,M8
2MASS J01340281+0508125,L2beta,L1beta,L2beta,54,L2beta
2MASS J01341675-0546530,L2,L2,L2,35,L2
2MASS J01343635-0145444,L1,L2,L2beta,43,L2beta
WISE J013525.64+171503.4,T6,T6,T6,3,T6
2MASSW J0135358+120522,L1beta,L1beta,L1beta,84,L1beta
2MASS J01395085+3427453,L2beta,L2beta,L2,16,L1beta
2MASSW J0141032+180450,L1beta,L1beta,L1beta,138,L1beta
2MASS J01414839-1601196,L5,L5,L6,17,L5
2MASS J01443536-0716142,L3beta,L3beta,L3beta,157,L7
2MASS J01453520-0314117,L9,L9,L9,39,L9
WISE J01453523-0314129,L9,L9,L9,17,L9
2MASS J01460119-4545263,M9,M9,M9,87,M9
LHS 1295,sdM2,sdM2,sdM4,97,sdM2
2MASS J01472702+4731142,L2beta,L2beta,L2beta,57,L2beta
2MASS J01473282-4954478,M8,M8,M8,133,M8
2MASSW J0147334+345311,L2beta,L2beta,L2beta,99,L2beta
WISE J01480249+2311310,M6,M6,M7gamma,55,M6
SIMP J01481626+3712421,d/sdL1,d/sdL1,d/sdL0,39,M8
2MASS J0148386-302439,M8,M8,M8,63,M8beta
2MASS J01490895+2956131,L1beta,L1beta,L1beta,208,L1beta
WISE J015010.89+382724.1,T0,T0,T0,61,T0
2MASS J01514102-0051564,L2beta,L2beta,L2beta,71,L2beta
SDSS J01535423+1404528,M9,L0,M9,86,M9
2MASS J01550354+0950003,L3,L5,L5,113,L5
2MASS J01574939-1146113,M9,M9,M9gamma,40,M9gamma
WISE J01581203+3231579,L3,L5,L3,54,L3
LEHPM 2153,M8,M8,M8,109,M8
2MASS J02055138-0759253,L2,L2,L2,60,L2
SDSS J020608.97+223559.2,T0,T0,T0,30,T0
LEHPM 1-2189,sdM6,sdM6,sdM6,43,sdM7
DENIS J02065660-0735190,M8,M8,M8,125,M8
SDSS J020742.48+000056.2,T4,T4,T4,6,T4
2MASSW J0208236+273740,L6,L6,L6,61,L6
2MASSW J0208549+250048,L5,L5,L5,71,L5
WISE J021010.25+400829.6,T4,T4,T4,14,T5
2MASS J02103857-3015313,L0beta,L0beta,L0beta,46,L0beta
2MASS J02115089+4728300,M7gamma,d/sdM8,M8beta,195,M7gamma
2MASS J02124236+0341004,L1,L1,L1,76,L1
2MASSI J0213288+444445,L1,L1,L1,73,L2beta
2MASS J02151451+0453179,L1,L1,L1gamma,34,L2
2MASSI J0218291-313322,L3,L3,L3,75,L3
LP 649-93,M8beta,M8beta,M8beta,255,M8beta
2MASS J02192196+0506306,L2beta,L2,L2beta,90,L2beta
SSSPM J0219-1939,L1,L1,L1,60,L1
LEHPM 1-2373,sdM6,sdM5,sdM6,41,sdM5
WISE J022322.36-293257.2,T7,T8,T8,3,T8
WISE J02233658+5240060,L1,L1,L1,16,L1
LSPM J0224+1730,esdM5,esdM4,esdM5,44,esdM4
2MASSI J0224367+253704,L1,L3,L2,53,L2
WISE J02260916-1610004,L6gamma,L6gamma,L6gamma,21,L6gamma
2MASS J0226417+264732,d/sdM7,d/sdM7,d/sdM8,44,M7gamma
2MASS J02272104-0112450,M7,M8beta,M8beta,9,M8beta
2MASSW J0228110+253738,L1beta,L1beta,L1,104,L1
2MASS J02292794-0053282,L0beta,L0beta,L0beta,25,L0beta
2MASS J02301551+2704061,L0,L0,L0,110,L1
WISE J023038.90-022554.0,L8,L8,L8,24,L8
DENIS J02304500-0953050,L2beta,L2beta,L2beta,75,L2beta
2MASS J0230565-314430,M6,M6,d/sdM6,33,M6
LEHPM 1-2570,d/sdM5,M5gamma,M6gamma,73,M6gamma
WISE J023318.05+303030.5,T6,T5,T5,6,T5
SDSS J023547.56-084919.8,L1,L1,L1,83,L1
GJ 1048B,L1beta,L1beta,L1beta,160,L1beta
LSPM J0236+2143,sdM4,sdM2,sdM4,45,sdM4
2MASSI J0239424-173547,L0,L0,L0,96,L0
2MASSI J0241536-124106,L2,L2beta,L2,56,L2
2MASSW J0242435+160739,L1,L2beta,L1,47,L1
SDSS J024256.98+212319.6,L7,L6,L6,6,L6
2MASSI J0243137-245329,T5,T6,T6,28,T6
LSPM J0244+1442,sdM4,M4,sdM4,51,sdM4
WISE J024512.62-345047.8,T8,T7,T7,2,T7
2MASS J02481204+2445141,M8,M8,M8,21,M8
LP 771-21,M8,M8,M8beta,49,M8beta
LEHPM 1-2799,esdM0,esdM0,esdM0,17,esdM0
SDSS J02511323+00473631,M8,M8,M8,221,M8
2MASSI J0251148-035245,L2beta,L2beta,L2beta,86,L2beta
2MASS J0253202+271333,M8beta,M8,M8beta,119,M8beta
WISE J02550758+2136180,M8beta,M8beta,M8beta,70,M8beta
2MASS J02594471+2254443,M9,M9,M9,190,L0
2MASS J03023398-1028223,M5,M5,M5,24,M5
WISE J030601.64-033058.4,d/sdM9,d/sdM9,d/sdM9,76,d/sdM9
LEHPM 1-3070,M8,M8,M8,267,M8
2MASSW J0306268+154514,L7gamma,L7,L7,33,L7
WISE J030724.59+290447.4,T7,T6,T7,1,T6
2MASS J0307264+364153,M6,d/sdM6,d/sdM6,38,M6
SDSS J03083243-08105138,M7gamma,d/sdM7,M7gamma,110,M7gamma
2MASSW J0309088-194938,L6,L6,L6,80,L6
WISE J03092961-1752504,M7gamma,M6gamma,M7gamma,18,M7gamma
2MASS J03100053+0726506,M8,M8,M8,202,M8
2MASS J03101401-2756452,L3,L6,L3beta,38,L3beta
SIMP J03162759+2650277,T3,T3,T3,23,T3
AP 301,M7gamma,M7beta,M8beta,52,M8beta
WISE J03184234+0827570,M8beta,M8,M8beta,189,M8
2MASS J03185403-3421292,L7,L7,L7,34,L7
AP 306,M9,M9,M9,71,M9
2MASS J0320141+314504,d/sdM5,d/sdM5,d/sdM5,49,d/sdM5
2MASS J03201710-1026120,M8,M8,M8,120,M8
LP 412-31,M8,M8,M8,72,M8
WISE J032301.86+562558.0,L7gamma,L7,L7,43,L7
2MASS J03231004-4631263,L1gamma,L1gamma,L1gamma,36,L1gamma
WISE J03242166+0631428,M4,M4,M4,22,M4
2MASS J03250136+2253039,L2,L3,L2,135,L3
2MASSW J0326137+295015,L5,L5,L5,76,L5
2MASS J03283463+1129515,M8,M8,M8,296,M8
2MASSI J0328426+230205,L9,L9,L9,36,L9
SDSSp J033035.13-002534.5,L4,L4,L4,33,L4
LEHPM 1-3365,esdM5,esdM6,esdM5,35,esdM5
LP 888-18,M8,M8,M8beta,127,M8
2MASS J03320043-2317496,M8,M8,M8,127,M8
2MASS J03354535+0658058,M8,M8,M8,153,M8
AP 325,M7gamma,M7beta,M7gamma,69,M7gamma
WISE J033651.90+282628.8,T5,T5,T5,8,T5
2MASSW J0337036-175807,L3beta,L3beta,L3beta,80,L7
WISE J033713.43+114824.6,M7,d/sdM5,M7,110,M7
LSPM J0337+3848,sdM4,sdM4,sdM4,31,sdM4
2MASS J03381986-4409446,d/sdM6,d/sdM7,d/sdM6,6,d/sdM6
2MASS J03382862+0001296,d/sdM8,d/sdM8,M8beta,39,M7gamma
2MASS J03383754+1449201,L2beta,L2beta,L2beta,77,L2beta
PSO J054.8149-11.7792,L3gamma,L3,L3gamma,15,L3gamma
2MASS J03432774+3208314,M8beta,M8beta,M8beta,48,M9
Roque 4,L2beta,L0beta,L2beta,22,L2beta
2MASS J03435754+3214488,M9,M9beta,M9gamma,36,M9gamma
SDSS J03440891+0111249,L1,L1,L1,84,L0
2MASS J03441357+3215242,M8beta,M8beta,M8beta,39,M8beta
2MASS J03441901+3222057,M9,M9,M9,67,L0
CXOU J034429.9+315906,M8,M8beta,M8,42,M8
XMMU J034434.1+321957,M6,M4,d/sdM6,48,d/sdM6
Cl* IC 348 MM 74,L7,L3gamma,L3beta,39,L3beta
[PSZ2003] J034444.9+321411,L6gamma,d/sdL4,L7,47,L2gamma
2MASS J03445148+3219540,L0gamma,L0gamma,L0gamma,25,L0gamma
2MASS J03450377+3221344,M9,M9beta,M9gamma,88,M9gamma
XMMU J034505.1+315752,M9,M8beta,M8,40,M9
Cl* IC 348 LRL 1688,M8beta,M8beta,M8beta,37,M8beta
2MASS J03451212+3209131,M8,M8beta,M8,40,M8
2MASS J03453592+3214416,M9,M9beta,M9,69,M9
PPL1,M8,M8,M8,27,M8
2MASS J03454360+3212317,M8beta,M8beta,M8beta,47,M8beta
Teide 1,M8,M8,M8,27,M8
NPL40,M9,M8,M8,12,M8
2MASS J03511847-1149326,L2,L2,L1beta,28,L1beta
SDSS J035308.54+103056.0,L2beta,L2beta,L2beta,62,L2beta
2MASS J03540135+2316330,M8,M8,M8,278,M8
2MASS J03550477-1032415,M8,M8,M8,201,M8
2MASS J0355201+143929,M9,M9,M9,151,M9
2MASS J03582213-4116144,L3beta,L3beta,L3beta,80,L7
2MASS J04012977-4050448,L0,L0,L0,99,L1
LSPM J0402+1730,d/sdM4,sdM5,d/sdM4,77,d/sdM4
2MASS J04035944+1520502,M7,M7,M7,35,M7
2MASS J04062677-3812102,L1gamma,L1gamma,L1gamma,16,L1gamma
2MASS J04070885+1514565,T5,T5,T5,20,T5
2MASS J0407089-234829,M8,M8,M8,119,M8
2MASS J04081032+0742494,M8,M8,M8,126,M8
2MASSI J0408290-145033,L2beta,L2beta,L2beta,123,L2beta
2MASSI J0409095+210439,L5,L3,L3,80,L3
2MASS J04102390+1459104,L2beta,L2beta,L2beta,52,L2beta
WISE J041054.48+141131.1,T6,T6,T6,2,T6
EPIC 210955775,M4,M4,M4,99,M4
SIMP J04144834+1529007,M9,M9,M9,25,M9
2MASS J04153566+2847417,L0,L0gamma,L0gamma,23,L0gamma
2MASS J04154131+2915078,M8beta,M8beta,M8beta,185,M8beta
2MASS J04154807+2911331,L0gamma,L0gamma,L0gamma,26,L0beta
SIMP J04173264-1345388,L2,L1,L2,26,L2
2MASS J0417374-080000,M8beta,M8beta,M8beta,154,M8beta
2MASS J0417474-212919,M9,M9,M9,102,M9
KPNO 12,L0beta,L0gamma,L0beta,54,L0beta
2MASS J04223057+0723448,L2beta,L2beta,L2beta,35,L2beta
Cl* Melotte   25    DKJ    5044b,M9,M9,M9gamma,105,M9gamma
WISE J04223134+0810127,L1,L1,L1,13,M9gamma
2MASS J04232191-0803051,M9gamma,M9,L1beta,23,L1beta
2MASS J04235322-0006587,M8,M8,M8,132,M8
2MASS J04264449+2756433,M7gamma,M7gamma,M7gamma,175,M7gamma
DENIS J0427270-112713,M8beta,M8beta,M8beta,95,M8beta
2MASS J04284199+1533535,M5,M5,M5,169,M5
KPNO 5,M8gamma,M8gamma,M8,90,M8gamma
KPNO 6,M9gamma,M9gamma,M9gamma,82,M9gamma
LP 655-23B,M8,M8,M8,184,M8
KPNO 7,M9gamma,M9gamma,M9gamma,81,M9gamma
2MASS J04314644+2506236,M6,M6gamma,M6,138,M6
SIMP J04323767-0639501,L5,L3,L2,59,L2
2MASS J04340619+2418508,M8gamma,M8gamma,M8gamma,68,M8gamma
2MASS J04345973+2807017,M9,M9,M9,19,M9
WISE J043535.80+211509.2,sdM9,d/sdM9,d/sdM9,37,d/sdM9
2MASS J04354290+1323449,L3,L3,L3beta,39,L3beta
KPNO 9,L0beta,L0beta,L2beta,74,L2beta
2MASS J04362054-4218523,L2beta,L1beta,L2beta,90,L2beta
2MASS J04362775-4114458,M9gamma,M9,M9gamma,94,M9gamma
WISE J04364275+1901348,L6,L6,L6,22,L5
CFHT 6,M9,M9beta,M9gamma,133,M9
LP 655-48,M9,M9,M9,59,M8
2MASS J04414489+2301513,M9gamma,M9gamma,M9gamma,49,M9gamma
2MASSI J0443058-320209,L4,L4,L4,77,L4
2MASS J04440164+1621324,M7gamma,M7gamma,M7gamma,146,M7gamma
2MASS 04441479+0543573,M8,M8,M8,117,M8
2MASS J04453237-3642258,M8,M8,M8,122,M8
2MASSI J0445538-304820,L1,L1,L1,121,L1
WISE J044633.45-242956.9,T0,L7,d/sdL7,32,d/sdL7
2MASS J04470652-1946392,sdM8,sdM7,sdM8,36,sdM8
2MASS J0447430-193604,L3,L3,L3beta,30,L3beta
WISE J044853.28-193548.6,T5,T5,T5,2,T5
2MASSI J0451009-340214,L1,L1,L1,184,L1
2MASS J04510592+0014394,M9,L0,M9gamma,24,M9gamma
2MASSI J0453264-175154,L2,L2,L2,82,L2
2MASS J04552333+3027366,M8,M8beta,M8,100,M8
WISE J045746.08-020719.2,T3,T3,T3,59,T3
2MASS J04574903+3015195,L0,M9gamma,L0,85,L0
2MASS J04584239-3002061,M6,M6,M7gamma,94,M7gamma
WISE J050003.04-122343.2,T8,T8,T8,1,T8
2MASS J05002100+0330501,L5,L5,L5,212,L5
2MASS J05004808+0442143,L1,L1,L1,161,L1
LEHPM 2-77,M4,M2,M2,21,M2
2MASSI J0502134+144236,M9,M9,M9,118,L0
2MASS J05063725-3405090,M8gamma,M7gamma,M7gamma,12,M7gamma
J05075086-0342464,d/sdM8,d/sdM8,d/sdM8,55,d/sdM8
WISE J050854.88+331920.8,L2,L2,L2,104,L2
2MASS J05103520-4208140,T5,T5,T5,6,T5
2MASS J05104958-1843548,L1,L3,L2,16,L2
PSO J078.9904+31.0171,L0beta,L0gamma,L2beta,27,L2beta
2MASS J05160945-0445499,T5,T6,T6,24,T5
2MASS J05161597-3332046,L3,L3,L3beta,23,L3gamma
2MASS J05170548-4154413,M9,M9,M9,135,M9
WISE J052126.29+102528.4,T7,T7,T7,15,T7
2MASSI J0523382-140302,L2,L2,L2,147,L2
WISE J052536.35+673952.6,T6,T6,T6,4,T6
2MASS J05262592-2615427,M6beta,M6,M8beta,8,M8beta
2MASS J05264348-4455455,L1beta,L1beta,L2beta,72,L2beta
0527-1813,sdM4,sdM4,sdM4,21,sdM4
WISE J052857.68+090104.4,L0beta,M9gamma,L2beta,52,L2beta
2MASS J05301261+6253254,L1,L2,L1,76,L1
2MASS J05314149+6856293,M9,M9,M9,40,M9
2MASS J05341594-0631397,M8gamma,M8gamma,M8gamma,25,M8gamma
2MASS J0536052+022832,M6,M5,d/sdM4,17,M6
2MASS J05363713-0328492,M8,M8,M8,93,M8
[BZR99] S Ori 68,M6,M6,M6,37,M6
HD 37216B,L2beta,L2beta,L2beta,90,L2beta
2MASS J05431887+6422528,L2beta,L2beta,L0beta,107,L1beta
2MASS J05441150-2433010,M8,M8,M8,278,M8
WISE J054601.19-095947.5,T5,T5,T5,8,T5
WISE J05500794+1610519,L3,L3,L3,204,L3
2MASS J06003375-3314268,M8,M8,M8,167,M8
2MASS J06020638+4043588,T5,T5,T5,16,T5
2MASS J06022216+6336391,L2,L1,L2,93,L2
2MASS J06050190-2342260,L0,L0,L0,107,L0
WISE J06052422-0956060,d/sdM5,d/sdM5,d/sdM4,115,d/sdM4
WISE J06074213+4550370,L2,L2,L2,38,L2
LSPM J0607+3445,sdM4,sdM4,sdM4,53,sdM4
2MASS J06085283-2753583,M9gamma,M9gamma,M9gamma,136,M9gamma
LHS 1826,esdM8,esdM6,esdM8,40,esdM8
WISE J061135.13-041024.0,T0,T0,T0,19,T0
SIPS J0614-2019,L2beta,L2beta,L2beta,57,L2beta
2MASS J0614453+650437,M8beta,M8beta,M8beta,17,M8
DENIS-P J0615493-010041,L1,L1,L1,214,L1
WISE J062309.94-045624.6,T9,T7,T7,1,T7
2MASS J06235243+5137023,M8,M8,M8,147,M8
WISE J062442.37+662625.6,L1,L1,L1,89,L1
2MASS J06244595-4521548,L7,L7,L7,87,L7
SDSS J062621.22+002934.2,L0,L1,L0,33,L1
WISE J062720.07-111428.0,T6,T6,T6,15,T6
2MASS J06411840-4322329,L1beta,L2beta,L2beta,125,L2beta
2MASS J06502653-2135576,M6,M6,M6,286,M6
SDSS J065405.63+652805.4,L3gamma,L3,L6,37,L6
2MASS J0656165+333758,M7gamma,M6,d/sdM6,26,M7gamma
2MASS J06575576+4029420,M8beta,M8beta,M8beta,212,M8beta
WISE J07053400-1839256,L8,L8,L8,20,L6
LEHPM 2-436,M8,M8,M8,173,M8
2MASSW J0708213+295035,L6,L6,L6,32,L6
2MASS J0711117+415232,M8gamma,M8gamma,M8beta,17,d/sdM8
DENIS-P J0716478-063037,L1,L1,L1,145,L1
LSPM J0721+0308,sdM4,sdM5,sdM5,62,sdM5
2MASS J07231462+5727081,L1beta,L1beta,L1beta,125,L1beta
WISE J07235262-3309435,L3beta,L3,L3beta,48,L3beta
2MASS J07244848+2506143,L4,L4,L3,52,L3
2MASS J0725509+475632,M6,M6,M6,12,M6
SDSS J07325801+29164400,M8,M8,M8,23,M8
SDSS J07342570+30065792,M8,M8,M8beta,38,M8beta
2MASS J07354882+2720167,L1,L1,L1,32,L1
SDSS J073922.26+661503.5,T2,T2,T1,11,T1
2MASSW J0740096+321203,L6,L6,L6,73,L6
LP 423-14,M8beta,M8beta,M8beta,249,M8beta
2MASS J07415784+0531568,L1beta,L2beta,L2beta,82,L2beta
SDSS J074201.41+205520.5,T5,T5,T5,21,T5
WISE J07421169-1211516,M0,esdM0,esdM0,70,esdM0
SDSS J074653.21+394509.9,M6,M6,M6,167,M6
SDSS J074756.31+394732.9,L0,L0,L0,65,L0
SDSS J074838.61+174332.9,L5,L5,L5,35,L5
SDSS J07500493+3306179,M9,M9,M9,26,M9
SDSS J075054.74+445418.7,d/sdM8,d/sdM8,d/sdM8,84,d/sdM8
LSPM J0752+1809,d/sdM4,d/sdM5,d/sdM4,67,d/sdM4
SDSS J075259.43+413634.6,L1,L1,L1,24,L1
2MASSI J0753321+291711,L2,L1,L2,77,L2
2MASS J07552723+1138485,L1,L2,L2,17,L2
2MASSI J0755480+221218,T5,T5,T5,12,T5
2MASS J07575274+0914103,L5,L3,L2,45,L3
HIP 38939B,T5,T5,T5,12,T5
SDSS J075840.33+324723.4,T2,T2,T2,88,T2
2MASS J08002758+5511346,L1,L2,L1,81,L1
SDSS J080048.13+465825.5,L2beta,L1,L1,71,L1
2MASSW J0801405+462850,L5,L5,L4,40,L5
2MASS J08041429+0330474,M9,L0,M9,114,L0
2MASS J08051104-3158115,M9gamma,M9gamma,M9gamma,120,M9gamma
SDSS J080959.01+443422.2,L7gamma,L7,L7,78,L7
SDSS J081058.60+142038.1,M8,M8,M8,190,M8
SDSS J081110.30+185527.9,L1,L1,L1,97,L1
2MASS J08125319+3721048,L1beta,L1beta,L1beta,26,L2beta
2MASS J08151407+1030117,M8beta,M8beta,M8beta,256,M8beta
SDSS J08175749+1824050,L1,L0,L1,53,L1
SDSS J08181228+3310482,L1,L2,L1,43,L1
2MASS J0818332-003628,d/sdM6,d/sdM5,d/sdM6,30,d/sdM6
2MASS J08192194-1243593,M8gamma,M8,d/sdM8,33,M7gamma
SDSS J081946.02+165853.9,M8,M8,M8,123,M8
WISE J081958.05-033528.5,T4,T4,T4,24,T4
WISE J08211048+6007342,M8beta,M8,M8beta,98,M8beta
WISE J082131.64+144319.2,T5,T5,T5,5,T5
2MASS J08230838+6125208,L2,L2,L2,108,L2
2MASSI J0825196+211552,L7,L7,L7,113,L7
SDSS J08264265+19392195,M9,M9,M9,107,M9
2MASS J08270185+4129191,L2beta,L2beta,L2beta,73,L2beta
2MASS J08272028+4502043,M8beta,M8,M8,216,M8
2MASSW J0829066+145622,L2,L1,L1beta,87,L1beta
SDSSp J083008.12+482847.4,L9,L9,L9,77,L9
SDSS J083048.80+012831.1,T5,T5,T5,19,T5
2MASS J08315564+1025466,M8,M8,M8,71,M8
2MASSW J0832045-012835,L2beta,L2beta,L2beta,156,L2beta
WISE J083450.79+642526.1,d/sdM8,d/sdM8,d/sdM8,75,d/sdM8
2MASS J08352366+1029318,M8,M8,M8,185,M8
2MASSI J0835425-081923,L3,L3,L3beta,92,L3beta
SDSS J083557.35+431831.1,M8,M8,M8,209,M8
SDSS J08364634+0526426,M9,L0,M9,55,L0
2MASS J08391608+1253543,M8,M8,M8,141,M8
2MASS J08404912+4827404,M8beta,M8,M8beta,174,M8beta
LHS 2307,M4,M4,M4,424,M4
SDSS J08410685+6035063,L2,L2beta,L2beta,62,L2beta
SDSS J08430794+3141292,L2,L2,L2,54,L2
SDSS J08433328+1024435,L1,L1,L1,87,L1
SDSS J084403.46+043436.19,M8,M8,M8,148,M8
2MASSI J0847287-153237,L1,L1beta,L1beta,77,L1beta
SDSS J08475148+0138110,L3,L3,L3,29,L2
2MASS J08490052+0220155,M7,M7,M8beta,200,M7gamma
2MASS J08500174-1924184,M8,M8,M8,218,M8
NLTT 20346B,d/sdM4,d/sdM5,d/sdM4,258,d/sdM4
SDSS J085116.20+181730.0,L5,L5,L5,23,L5
2MASS J08514509-0005360,d/sdM8,d/sdM7,d/sdM8,32,d/sdM8
WISE J08522436+5139255,d/sdM7,d/sdM7,M7,86,d/sdM7
SDSS J085234.90+472035.0,L9,L9,L9,34,L9
2MASS J08524613-0316138,M8beta,M8,M8beta,15,M7gamma
SDSS J085834.42+325627.7,L9,L9,L9,31,L9
SDSS J08583697+2710508,L1beta,L1beta,L1beta,95,L1beta
2MASSI J0859254-194926,L8,L8,L8,82,L8
SDSS J09002368+2539343,T0,T0,T0,42,T0
SDSS J090206.90+003319.36,M7,M7,M7gamma,208,M7
2MASS J09053247+1339138,L2beta,L2beta,L2beta,16,L2beta
2MASS J09054654+5623117,L5,L5,L5,11,L5
2MASS J09083688+5526401,L1beta,L2beta,L1beta,39,L1beta
2MASSI J0908380+503208,L2,L4,L4,72,L4
SDSS J09094813+1940439,L1,L0,L0,75,L1
DENIS-P J0909-0658,L2beta,L1beta,L2beta,161,L2beta
2MASS J09140317+5228504,M8,M8,M8,54,M8
2MASS J09155650+0514212,L2beta,L2,L2,19,L2
2MASS J09162684+0628393,M8beta,M8beta,M7gamma,12,M8beta
WISE J09165718-1121047,M8,M9,M9,74,M8
2MASS J09171104-1650010,M7,d/sdM5,M7,35,M7
2MASS J09175418+6028065,L2gamma,L2gamma,L2gamma,21,L2gamma
2MASSW J0918382+213406,L6,L3,L1gamma,71,L1gamma
2MASS J09212898-0339410,d/sdM7,d/sdM7,d/sdM7,8,d/sdM5
LSPM J0923+2654,sdM4,sdM2,sdM2,23,sdM2
2MASS J09243114+2143536,M7gamma,d/sdM7,M7gamma,33,M7gamma
2MASS J09264992+5230435,M8,M8,M8,15,M8
2MASSW J0928256+423054,M8,M8,M8,259,M8
2MASSW J0928397-160312,L2,L3,L2,79,L2
2MASSW J0929336+342952,L7,L7,L7,31,L7
SDSS J093109.56+032732.5,d/sdL7,d/sdL7,d/sdL7,29,d/sdL7
SDSS J093128.22+052821.93,M7,M8,M8beta,192,M7gamma
SDSS J09323747+6725145,M9gamma,L0,M9gamma,36,M9gamma
2MASS J09334975-1602522,d/sdM7,d/sdM5,d/sdM5,72,sdM7
2MASS J09340617+0536234,d/sdM7,d/sdM5,d/sdM5,25,d/sdM5
2MASS J09351549+0019103,M6gamma,M6gamma,M6,4,M6
2MASS J09352803-2934596,L0,L1,L0,148,L0
2MASS J09384022-2748184,M8,M8,M8,75,M8
SDSS J09385888+0443439,M9,M9,M9,50,M9
BRLT 105,L5,L5,L5,39,L3
2MASS J09395909-3817217,d/sdM8,d/sdM8,d/sdM8,15,d/sdM8
SDSS J09404788+2946530,L2beta,L2beta,L2beta,36,L2beta
2MASS J0941115+425403,M6,M6,M6,18,M6
SDSS J09413492+1009421,M9,L0,M9,74,M9
SIMP J09455513-0757441,L2beta,L2beta,L2beta,21,L2beta
2MASS J09472006-0020093,M6,M6,M6,284,M6
LP 261-45,d/sdM5,d/sdM5,d/sdM5,86,M6gamma
2MASS 09474477+0224327,M8,M8,M8,157,M8
2MASS J09481259+5300387,L1beta,L1beta,L1beta,55,L1beta
LHS 2195,M8,M8,M8,207,M8
LSPM J0950+0540,esdM8,esdM6,esdM8,36,esdM8
2MASS J09524622+0620410,M7gamma,M7gamma,M7gamma,199,M7gamma
WISE J095259.29+195508.1,T6,T6,T6,4,T6
NLTT 22851A,M5,M5,M5,90,M5
NLTT 22851B,L1,L1,L0,26,L1
2MASS J09553336-0208403,L7gamma,L7,L7,19,L7
LSPM J0956+1759,sdM4,sdM4,sdM4,49,sdM4
SIMP J09560810-1447065,L9,L9,L9,33,L9
PSO J149.1907-19.1730,T0,T0,T0,39,T0
WISE J095729.41+462413.5,L7gamma,L2beta,L3beta,52,L2gamma
2MASS J09593276+4523309,L2gamma,L2gamma,L2gamma,53,L2gamma
LSPM J1002+6349,M7,M7,M7,155,M7
SDSS J100319.17-010508.15,M8beta,M8,M8beta,227,M8beta
LHS 5166B,L4,L4,L4,107,L4
LP 789-23,M8beta,M8beta,M8beta,194,M8beta
2MASS J1006406+215253,M6,M5,M6,18,M6
2MASS J10073369-4555147,T5,T6,T6,5,T6
2MASS J1008297+205714,M6,d/sdM6,d/sdM6,36,d/sdM6
WISE J100926.40+354137.5,M8,M8,M8,87,M8
2MASS J1010500+001754,M8beta,M8beta,M8beta,27,d/sdM8
2MASS J10110024+4245035,M8beta,M8,M8beta,159,M8
2MASS J1012087+030245,M7gamma,M7,M7gamma,13,d/sdM6
2MASS J10142075-4018329,M9,M9,M9,39,M9
LSPM J1017+4654,sdM4,sdM5,sdM5,65,sdM5
SDSS J10174251+4310579,L2beta,L2,L2beta,49,L2beta
WISE J101905.62+652954.2,T6,T6,T6,3,T6
2MASS 10213232-2044069,M8,M8,M8,132,M8
2MASS J10220489+0200477,M9,M9,M9,151,M9
HD 89744B,L0,L0,L1,139,L1
2MASS J10224821+5825453,L1,L2beta,L2beta,207,L2beta
2MASSI J1024099+181553,M8beta,M8beta,M8beta,103,M8beta
SDSS J102552.43+321234.0,L8,L8,L8,23,L6
DENIS1027-1820,M8,M8,M8,54,M8
SDSS J103026.78+021306.4,L9,L9,L9,25,L9
2MASS J10315064+3349595,L5,L3,L2,40,L2
SDSS J10330910+1216259,L0,L0,L0,44,L0
SDSS J103321.92+400549.5,T0,T0,T0,8,T0
SDSS J10340567+0350163,M9,M9,L0,62,L0
2MASSW J1035245+250745,L2beta,L2beta,L2beta,93,L2beta
WISE J103602.80+030615.6,L2beta,L2beta,L2beta,19,L2beta
PSO J159.0433-27.6357,L2beta,L2beta,L2beta,19,L2beta
2MASSW J1036530-344138,L9,L9,L9,48,L9
WISE J103907.73-160002.9,T7,T7,T7,2,T7
SIMP J10391406-1904471,L1beta,L1beta,L1beta,17,L2
2MASS J10430758+2225236,L8,L8,L8,32,L8
2MASS J10440642-3712425A,M5,M4,M4,66,M4
SDSS J104409.43+042937.6,L9,L9,L9,61,L5
2MASSI J1045240-014957,L2beta,L1beta,L2beta,158,L2beta
2MASS J10454932+1254541,M8,M8,M8,57,M8
TWA 36,M6,M5gamma,M6,199,M6
DENIS J104617.0-421237,d/sdL0,d/sdM8,d/sdL0,64,d/sdM8
2MASS J10461875+4441149,L4,L4,L3,45,L3
2MASS J10462067+2354307,sdM4,sdM5,sdM5,34,sdM5
2MASS J10465866-2705048,M6,M6,M8beta,124,M8beta
DENIS-P J1047-1815,L1,L1,L1,175,L1
2MASSI J1047538+212423,T6,T6,T6,20,T6
DENIS-P J1048.0-3956,M8,M8,M8,36,M8
SDSS J104829.21+091937.8,T3,T3,T3,19,T3
SDSS J104842.84+011158.5,L1,L1,L1,101,L1
SDSS J104922.45+012559.2,L5,L5,L5,59,L5
2MASS J10500694-2940273B,M4,M2,M2,220,M2
2MASS J10511900+5613086,L2beta,L2beta,L2beta,95,L2beta
SDSS J10515124+13111633,L0,L0beta,L1,57,L1
2MASS J10521678-3407458,M6,M5,M6,86,M6
2MASS J10525400+5849512,L5,L5,L5,42,L5
WISE J105257.95-194250.2,T7,T7,T7,7,T7
2MASS J10551343+2504028,L1gamma,L1,L1beta,19,L2
SDSS J105547.29+080842.64,M8,M8,M8,226,M8
1RXS J105646.7-231723,M3,M3,M3,403,M3
LEHPM 2-128,M7,d/sdM7,d/sdM7,86,M6
DENIS-P J1058.7-1548,L2,L2,L2,140,L2
2MASSI J1059513-211308,L1,L1,L1,142,L1
2MASS J10595185+3042059,T4,T4,T4,15,T4
2MASS J11000965+4957470,L6,L6,L6,81,L6
2MASS J11004384-2536159A,M4,M4,M4,242,M4
2MASS J11015433-3854233AB,M4,M4,M4,86,M4
2MASSI J1104012+195921,L4,L4,L4,98,L3
TWA 33,M9gamma,M9gamma,M9gamma,56,M9gamma
2MASS J11070582+2827226,M7,d/sdM5,M7,29,M7
2MASS J11092745-1606515,d/sdL1,d/sdL1,d/sdL1,63,d/sdL1
Gliese 413,M3,M3,M3,572,M3
SDSSp J111010.01+011613.1,T5,T6,T6,4,T5
TWA 37,d/sdM5,d/sdM5,d/sdM5,153,d/sdM5
2MASS J11122280-1502460,L1,L0,M8,14,M8
2MASS J11131089+2110086,M6,M6,d/sdM6,112,d/sdM6
DENIS J111318.7-495258,M9,M9,M9,79,M9
2MASS J11145133-2618235,T8,T8,T8,3,T8
2MASS J11150577+2520467,M7gamma,M7beta,M7gamma,42,M7gamma
2MASS J11181292-0856106,T0,T0,T0,33,T0
LSPM J1118+0941W,esdM5,esdM6,sdM6,36,esdM5
2MASS J11183695-4036426,M4,M4,M4,321,M4
2MASS J11191046+0552484,L5,L5,L5,51,L5
2MASS J11193254-1137466,L6gamma,L6gamma,L6gamma,15,L6gamma
2MASS J11205015-3852321,M4,M2,M2,254,M2
SDSS J112118.57+433246.5,d/sdL7,d/sdL7,d/sdL7,13,d/sdL7
2MASSW J1122362-391605,L3,L3,L4,44,L5
WISE J112254.72+255022.2,T6,T6,T6,4,T6
2MASS J11260310+4819256,L5,L5,L6,23,L6
DENIS J112637.2-270647,M8,L0,M8,60,M8
2MASS J11263991-5003550,d/sdL7,d/sdL7,d/sdL7,38,d/sdL7
SDSS J11264703+5816322,d/sdL1,d/sdL1,L1,49,M9gamma
2MASS J11282763+5934003,L1,L1,L1,30,L1
LP 318-218,M6,M6,M6,247,M6
2MASS J11301367+1937346,M8,M8,M8,171,M8
2MASS J11304030+1206306,M6,d/sdM6,M6,54,M6
2MASS J11323833-1446374,M7,M7,M6,21,M6
2MASS J1138399-131421,sdM4,sdM4,sdM4,6,sdM4
2MASS J11391107+0841121,M8,M8,M8,241,M8
2MASS J11394192-0310039,M9,L0,M9,93,M9
LEHPM 2-333,M8,M8,M8,223,M8
2MASS J11422679-3904244,M6,M6,M6,202,M6
LSPM J1144+1351,sdM5,sdM5,sdM5,212,sdM5
WISEA J114553.61-250657.1,sdM7,sdM7,sdM7,24,sdM7
DENIS J114651.0-475438,M8,M8,M8,29,M9
SIMP J11473434+2153590,L1beta,L2beta,L1beta,21,L1beta
2MASS J11480502+0203509,d/sdL1,d/sdL1,d/sdL1,53,d/sdL1
SDSS J11491231-0153006,M8,M8,M8,84,M8
2MASS J11494971-4012433,M8,M8,M8,46,M8
2MASS J11501322+0520124,L4,L4,L4,19,L4
DENIS J115037.9-285013,M8,M9,M8,114,M8
2MASS 11530357-2857301,d/sdM4,sdM4,d/sdM4,9,sdM4
2MASS J11532172-4013045,M2,M2,M2,126,M2
2MASS J11532691-3015414,M5,M5,M5,192,M5
2MASS J11533966+5032092,L1,L1,L1,116,L1
2MASS J11544223-3400390,L0beta,L2beta,L0beta,94,L0beta
2MASSW J1155395-372735,L2beta,L2beta,L2beta,213,L2beta
LP 851-346,M8beta,M8beta,M8beta,277,M8beta
SDSS J115553.86+055957.5,L9,L9,L9,59,L5
2MASS J1156236+021341,M7,d/sdM7,M7,38,M6
2MASS J11563426-4046530,M7,M7,M7,194,M7
DENIS-P J1157480-484442,L0,L0,L0,109,L0
2MASS J11582484+1354456,M8,L0,M8,100,M8
SDSS J11594072+5409386,L2beta,L2beta,L1beta,70,L1beta
WISE J120035.40-283657.5,T0,T0,T0,16,T0
WISE J12010457+5730042,L8,L9,L9,18,L9
2MASS J12023885+5345384,L2,L2,L2,19,L2
SDSSp J120358.19+001550.3,L4,L4,L4,123,L3
TWA 38,M8gamma,M8gamma,M8gamma,127,M8gamma
2MASSI J1204303+321259,L1,L1,L1,164,L1
LSPM J1205+1513,sdM5,sdM5,sdM5,30,sdM5
SDSS J120602.51+281328.7,T3,T3,T3,15,T3
SDSS J12061049+6242572,L2beta,L2beta,L1beta,56,L1beta
DENIS J1206501-393725,d/sdL1,L1,L1,57,L1
2MASS J12073804-3909050,L2beta,L2,L2beta,62,L2beta
2MASS J12074836-3900043,L0beta,L0beta,L0beta,44,L0beta
LP 266-16,M6,M6,M6,212,M6
2MASS J12121714-2253451,M7,d/sdM5,M7,27,M7
2MASS J12123389+0206280,L1beta,L1beta,L1beta,57,L1beta
SDSS J121440.95+631643.4,T4,T3,T3,15,T3
2MASS J12154938-0036387,M8beta,M8beta,M8beta,23,M8beta
SDSS J121659.17+300306.3,L3,L3,L3,16,L5
DENIS J121702.6-341847,M9,M9,M9,49,M8
2MASSI J1217110-031113,T7,T7,T7,5,T7
2MASS J12172372-0237369,L5,L5,L5,44,L5
2MASS J12172935+0035326,M8beta,M8beta,M8beta,151,M8beta
2MASS J12174683-3804157,M5,M5,M5,111,M5
LSPM J1218+1325,sdM4,sdM5,sdM6,27,sdM5
2MASS J12192675-2800225,M6,M4,M6,104,M6
SDSS J121951.45+312849.4,L9,L8,L8,51,L8
2MASS J12212770+0257198,L1,L1,L1,151,L1
WISE J122152.28-313600.8,T7,T7,T7,6,T7
LEHPM 2-9,M6,d/sdM7,M6,206,M6
WISE J122558.86-101345.0,T6,T6,T6,9,T6
TWA 32AB,d/sdM7,d/sdM7,d/sdM7,296,d/sdM7
2MASS J1227050-0447207,esdM8,esdM8,esdM8,41,esdM8
DENIS J122824.2-241559,L1,L1,L1,49,L1
2MASS J12304602+2827515,L3,L1,L2,8,L1gamma
DENIS J123105.9-501800,M8gamma,M8gamma,M8gamma,37,M8gamma
2MASS J12312141+4959234,L2,L2,L2,85,L2
2MASS J12314753+0847331,T5,T6,T6,26,T6
2MASS J12321827-0951502,L1,L0,M9,48,M9
LSPM J1234+2037,sdM6,sdM6,sdM6,86,sdM6
2MASS J12372934-4044510,M8,M8,M8,18,M8
2MASS J12373441+3028596,M8beta,M8beta,M8beta,156,M8
2MASS J12373919+6526148,T7,T7,T7,12,T6
DENIS J124025.0-242041,M8,L0,M8,83,M8
WISE J124135.43-245748.8,L2beta,L2beta,L2beta,34,L2beta
2MASS J12414645-2238178,M8,M9,M8,19,M8
2MASS J12425052+2357231,M9,M9,M9,63,M9
TWA 29,M9gamma,M9gamma,M9gamma,45,M9gamma
SDSS J12455566+4902109,M7beta,M7,M7gamma,34,M7gamma
DENIS J124633.5-531417,M8,M8,M8,32,M8
LHS 2632,M6beta,M6beta,M8beta,143,M8beta
2MASS J12471472-0525130,d/sdM4,d/sdM4,d/sdM4,288,d/sdM4
DENIS J124744.2-381646,M9gamma,M9,M9gamma,60,M9gamma
2MASS J12474944-1117551,M9,M9,M9,9,M9
2MASS J12490872+4157286,M9,M9,M9,52,M9gamma
2MASS J12492272+0310255,L2,L2,L2,29,L2
APMPM J1251-2121,M8beta,M8beta,M8beta,235,M8beta
TWA 34,M8gamma,M8gamma,M8gamma,36,M8gamma
2MASS J12521412+1422398,L2beta,L2beta,L2beta,37,L2beta
LSPM J1252+0252,M8beta,M8beta,M8beta,29,M8beta
2MASS J12531161+2728145,M8,M8,M8,94,M8
DENIS J125409.1-534512,M7gamma,M7gamma,M7gamma,25,M7gamma
2MASS J12542000+0009133,M4,M4,M2,138,M4
2MASS J12565688+0146163,L2,L1,L2,126,L2
WISE J125715.90+400854.2,T7,T7,T7,3,T6
SDSSp J125737.26-011336.1,L4,L5,L4,55,L4
2MASSW J1300425+191235,d/sdL1,d/sdL1,d/sdL1,85,M9gamma
2MASS J13015465-1510223,L1beta,L1beta,L2beta,114,L2beta
2MASS J13023811+5650212,L2beta,L3,L2beta,11,L2beta
GJ 499C,L5,L5,L5,88,L5
2MASS J13061727+3820296,L2beta,L0beta,L2beta,84,L2beta
WISEA J130729.56-055815.4,L5,L6,L6,29,L6
2MASS J13080147+3553169,M8,M8,M8,42,M8
2MASS J13081228+6103486,L2,L2beta,L0beta,41,L0beta
2MASS J13120700+3937440,M9,M9,M9,57,M9
DENIS J131220.3-532612,M8gamma,M8gamma,M8gamma,43,M8gamma
LSPM J1313+3322,sdM4,sdM5,sdM6,42,sdM5
SDSS J13154368+2334580,L0,L1,L0,21,L1
SIMP J13174922+0448149,L3,L2,L2,35,L2
2MASS J13184567+3626138,L4gamma,L4gamma,L4gamma,19,L4gamma
2MASS J13184794+1736117,L3gamma,L3,L3gamma,37,L3gamma
2MASS J1319369-125728,M7,d/sdM5,M7,25,M7
WISE J132004.16+603426.3,T7,T7,T7,5,T7
DENIS J132034.8-512243,M9gamma,M9,M9gamma,30,M9gamma
DENIS J132043.6-400947,L0,M9,M9,37,M9
2MASS J13204427+0409045,L2,L2,L2,65,L2
WISE J132233.64-234016.8,T7,T7,T7,3,T8
DENIS-P J1323-1806,L1,L1,L1,67,L1
PSO J201.0320+19.1072,T4,T4,T4,32,T4
LEHPM 2-167,esdM4,esdM0,esdM4,40,esdM4
2MASS J13261625+5640448,M7gamma,M7,M7gamma,34,M7gamma
2MASSW J1326201-272937,L7,L7,L7,49,L7
SDSSp J132629.82-003831.5,L7gamma,L7,L7,46,L7
2MASS J13264464+3627407,L1beta,L2,L1beta,12,L1beta
2MASS J13265350-5022260,M9,M9beta,L0,37,M9gamma
SDSS J13271521+0759375,L2beta,L2beta,L0beta,135,L0beta
2MASS J13272391+0946446,M8beta,M6beta,M8beta,41,M8beta
2MASSW J1328550+211449,L3beta,L3beta,L3beta,65,L3beta
2MASS J13313310+3407583,L1beta,L1beta,L1beta,60,L1beta
SDSS J133148.92-011651.4,T0,T0,T0,47,T0
2MASSI J1332244-044112,M8,M8,M8,101,M8
SDSS J13331279+1509566,M8,M8,M8beta,37,M8
2MASS J13331605+3744214,L5,L5,L5,38,L5
SDSS J13334536-0216002,L2beta,L2beta,L2beta,81,L2beta
SDSS J133348.24+273508.9,d/sdM9,d/sdM9,d/sdM9,14,d/sdM9
DENIS J133603.9-494449,M8,M8,M8,11,M8
2MASS J13373116+4938367,M9,M9,M9,77,M9
DENIS J133754.2-492636,M8gamma,M8gamma,M8gamma,48,M8gamma
2MASSW J1338261+414034,L2beta,L2beta,L2beta,57,L2beta
2MASS J13384944+0437315,L1beta,L1beta,L1beta,53,L1beta
2MASSW J1343167+394508,L7,L7,L7,80,L7
SIMP J13441371-1614022,L4,L4,L4,18,L9
SDSS J134525.57+521634.0,L5,L6,L5,8,L5
SDSSp J134646.45-003150.4,T6,T6,T6,12,T7
2MASS J13480100-0304328,M8beta,M8beta,M8beta,148,M8beta
WISE J134806.99+660328.4,L5,L8,L8,24,L6
2MASS J13482400-4223374,L5,L3,L2,67,L2
2MASS J13484591+0353545,L1,L1,L1,63,L1
LSPM J1351+5506,esdM7,esdM7,esdM7,43,esdM7
WISE J135307.51-085712.0,M8,d/sdM8,M8,15,M8gamma
2MASS J13544271+2150309,M8beta,M8beta,M8beta,48,M8beta
LP 220-13,M8beta,M8,M8beta,223,M8beta
2MASS J13571237+1428398,L3,L3,L3,25,L3
SDSS J13571490-1438520,M8,M8,M8,93,M8
SDSS J140023.12+433822.3,L8,L8,L8,49,L8
WISE J140035.40-385013.5,T4,T4,T4,7,T4
2MASS J14022235+0648479,M9,M9,M9,98,L0
2MASSI J1403223+300754,M8,M8,M8,149,M8
2MASS J14044495+4634297,L1,L1,L1,112,L1
SDSS J14060148+5249309,L0,L0,L0,49,L0
2MASS J14075361+1241099,L5,L5,L5,94,L5
2MASS J14090310-3357565,L1,L1,L1,98,L1
2MASSI J1411213-211950,M8,M8,M8,115,M8
2MASS J14113696+2112471,M4,M4,M4,127,M4
WISE J141144.14-140301.1,d/sdM8,d/sdM8,d/sdM8,32,d/sdM8
WISE J141143.25-452418.3,d/sdM7,d/sdM7,d/sdM5,43,d/sdM5
2MASS J14122270+2354100,M8,M8,M8,154,M8
2MASSW J1412244+163312,L1,L1,L1,155,L1
2MASS J14140586+0107102,L4,L4,L4,43,L4
SIMP J14154242+2635040,L2beta,L2beta,L2beta,21,L2beta
2MASS J14171672-0407311,d/sdM7,d/sdM5,M7,26,M7
2MASS J14182962-3538060,L2beta,L2beta,L1beta,54,L1beta
2MASS J14192618+5919047,L3,L1,L2beta,10,L2beta
2MASS 14204983-1752519,d/sdM7,d/sdM2,d/sdM4,4,d/sdM4
SDSS J14205830+2131566,d/sdL1,d/sdL1,d/sdL0,68,d/sdL0
2MASS J14211873-1618201,M8,M8,M8,209,M8
2MASSW 1421314+182740,L0,L0,L0,170,L0
GD 165B,L3,L3,L3,54,L3
DENIS-P J142527.97-365023.4,L3beta,L3,L3beta,217,L3beta
2MASS J14261286+3130394,L5,L5,L5,35,L5
NLTT 37409,esdM5,sdM4,sdM5,68,esdM4
2MASS J14283132+5923354,L3,L3,L3,111,L3
2MASS J14313097+1436539,d/sdL1,d/sdL1,d/sdL1,76,d/sdL1
WISE J14321117+3244338,L7,L7,L7,22,L7
SDSS J14324210+3451427,L1,L1,L1,72,L1
2MASS J14343616+2202463,d/sdL1,d/sdL1,d/sdL1,87,d/sdL1
2MASSI J1434582-233557,M7gamma,M7,M7gamma,168,M7gamma
SDSS J143535.72-004347.0,L2beta,L2beta,L2beta,32,L2beta
2MASS J14360977+2900350,M8,M8,M8,231,M8
2MASS J14370929-3512430,M8,M8,M8,18,M8
2MASSW J1438549-130910,L5,L3,L3,56,L3
SDSS J143933.44+031759.2,L2beta,L2beta,L2beta,44,L2beta
2MASS J14402290+1339230,M6beta,M6beta,M8beta,194,M8beta
SDSS J14403025+12333391,M9,M9,M9,91,M9
2MASS J14403186-1303263,M9,L1,M9,59,M9gamma
2MASSI J1441045+271932,M6,d/sdM7,M7gamma,121,M7gamma
2MASS J14432796+0316543,M8,M8,M8,159,M8
2MASS J14442946+0048530,M8beta,M8,M8beta,32,M8beta
LP 175-27,M8beta,M8beta,M8beta,113,M8beta
SDSSp J144600.60+002452.0,L5,L5,L5,44,L5
2MASSW J1448256+103159,L5,L5,L5,109,L5
SDSS J14505733+39204516,M8,L0,M9,11,M8
2MASS J14521846+4826214,M8,M8,M8,128,M8
SDSS J14525558+2723244,d/sdL1,d/sdL1,d/sdL1,71,d/sdL1
2MASSI J1453484+373316,M8,M8,M8,144,M8
2MASS J14554511+3843329,L2beta,L2beta,L0beta,22,L0beta
LHS 3003,M8beta,M8beta,M8beta,273,M8beta
LEHPM 2-498,M7beta,M8gamma,M8beta,153,M8beta
Gliese 570D,T8,T7,T7,7,T7
WISE J145715.03+581510.2,T7,T7,T7,4,T7
LSPM J1457+2341S,sdM7,sdM7,sdM7,32,sdM7
2MASSI J1457396+451716,M9,M9,M9,131,M9
SDSS J145919.37+060453.6,M7,M7,M7gamma,194,M7
2MASS J15004572+4219448,M9,M9,M9,86,M9
SIMP J15014711-1831272,M9,L0,M9,30,L0
WISE J150406.66-455223.9,L9,L9,L9,12,L6
LP 859-1,M8beta,M8beta,M8beta,69,M8beta
PSO J226.2599-28.8959,T1,T1,T1,34,T1
2MASSW J1507476-162738,L4,L2,L4,25,L4
2MASS J15102256-1147125,L2beta,L4,L2beta,30,L2
SDSS J15102955+36194699,M9,M9,M9,97,M9
2MASS J15104761-2818234,M9gamma,M9,M9gamma,35,M9gamma
2MASS J15111091+4340363,L6,L6,L6,35,L6
2MASS J15123329-1032414,M8,M8,M8,176,M8
SDSS J15124067+3403501,L1,L1,L0gamma,94,L1gamma
WISE J151314.61+401935.6,L8,L8,L8,16,L8
2MASS J15141384+1201451,M8,M8,M8,56,M8
2MASSW J1515008+484742,L9,L4,L4,48,L4
SDSS J151506.11+443648.3,L7,L7,L7,40,L7
2MASS J15163838+3333576,L2beta,L2beta,L2beta,28,L1beta
SDSS J151643.01+305344.4,L9,L9,L9,24,L9
LSPM J1518+2238,d/sdM7,d/sdM6,M6gamma,73,d/sdM4
2MASS J15201746-1755307,M8gamma,M8,M8beta,43,M8
SDSS J152039.82+354619.8,L9,L9,L9,78,L9
2MASSI J1521010+505323,M8,M8,M8,275,M8
SDSS J152103.24+013142.7,T3,T3,T3,18,T3
2MASS J15214616-2713031,sdM5,sdM4,sdM5,166,sdM5
2MASS J15230657-2347526,L0,L1,L1,89,L1
Gliese 584C,L8,L8,L8,34,L8
2MASSI J1526140+204341,L5,L5,L5,65,L5
LSPM J1528+2221,sdM4,sdM4,sdM4,43,sdM4
WISE J152915.47-451348.2,esdM0,esdM0,esdM0,78,esdM0
2MASS J15293306+6730215,L0,M9,L0,11,M9
SDSS J153012.87+514717.1,M9,M9,M9,82,M9
ULAS J153108.89+060111.1,L1,L1,L1,33,L1
2MASS J1531134+164128,L1gamma,L1gamma,L1gamma,33,L1gamma
WISE J15335852+4757069,L7,L7,L7,19,L7
2MASS J15341068+0426410,L0,L0,L0,13,L0
SDSS J153453.33+121949.2,L5,L5,L5,85,L5
2MASS J15345700-1418480,M8,M8,M8,203,M8
SDSS J15361914+33051510,M8beta,M6beta,M8beta,137,M8beta
2MASS J15382417-1953116,L4gamma,L4gamma,L4gamma,29,L4gamma
LSPM J1538+2245,sdM2,sdM2,sdM2,37,sdM2
2MASS J15392137+6502364,L2beta,L2beta,L2beta,63,L2beta
J15400497+0102070,M9,L0,M9,61,M9
SDSS J154009.36+374230.3,L9,L9,L9,40,L9
2MASS J15404341-5101357,M6,M6,M6,268,M6
WISE J154047.01-050658.4,sdM4,sdM4,sdM4,381,sdM4
2MASS J15412408+5425598,d/sdM5,d/sdM5,d/sdM5,42,M6gamma
2MASS J15420830-2621138,M8gamma,M6beta,d/sdM6,95,M8beta
2MASS J15422494+5522451,L3,L3,L3,32,L3
2MASS J15423630-0045452,d/sdL1,d/sdL7,d/sdL7,21,d/sdL7
2MASS J15433947-2535549,L0beta,L0beta,L2beta,42,L2beta
VHS J154352.78-043909.6,T5,T5,T5,4,T5
2MASS J15442275-2136092,M8beta,M8beta,M8beta,67,M8beta
2MASS J15442544+0750572,L2,L2,L2,28,L2
SDSS J154455.1+330145.2,L4,L4,L4,70,L4
LEHPM 2-287,M8beta,M8,M8beta,133,M8beta
2MASS J15461461+4932114,T3,T3,T3,23,T3
2MASS J15462718-3325111,T5,T5,T5,15,T5
SDSS J154727.23+033636.3,L1,L1,L2,50,L2
2MASS J15474719-2423493,M9,M9,M9,90,M9gamma
SDSS J154849.02+172235.4,L5,L5,L5,28,L5
2MASS J15485834-1636018,M9,M9,M9,159,M9
2MASS J15490803-2839550,M6,M6,M6,126,M6
2MASS J15492909-2815384,M6,M6,M6,208,M6
2MASS J15493660-2815141,M6,d/sdM6,M6,131,M6
2MASS J15501958-2805237,M7gamma,d/sdM7,M7gamma,71,M7gamma
LSPM J1550+3041,M7beta,M8beta,M8beta,192,M8beta
2MASS J15513546+0151129,M8,M8,M8,20,M8
2MASS J15524857-2621453,M6,d/sdM7,d/sdM7,129,d/sdM7
SDSS J15525232-0035019,d/sdM8,d/sdM8,d/sdM8,45,d/sdM8
2MASSW J1553214+210907,L7,L7beta,L7,34,L7
2MASS J15543602+2724487,L6,L6,L6,35,L6
2MASS J15551960-2751207,M7gamma,M7gamma,M7gamma,61,M7gamma
SDSS J15564435+1723089,L2beta,L2beta,L2beta,75,L2beta
2MASS J15572692-2715094,M6,M4,M6,115,d/sdM6
2MASS J15573270+1752380,M8,M8,M8,118,M8
2MASS J15575011-2952431,L0beta,L0gamma,L2beta,26,L2beta
G 225-36B,M9,M9,M9,117,M9
2MASS J15582376-2721435,d/sdM7,d/sdM5,d/sdM7,143,d/sdM4
2MASS J15591513-2840411,M6,M4,M5,144,M5
2MASS J16002535-2644060,M6,M6,M6,155,M6
2MASS J16005265-2812087,M7gamma,M7gamma,M7gamma,78,M7gamma
2MASS J16005759+3021571,L5,L5,L5,38,L6
WISE J160357.51-044340.4,d/sdM4,d/sdM5,d/sdM4,243,d/sdM4
2MASS J16062665+6837268,L0beta,L2beta,L0beta,18,L2
2MASS J16062870-2856580,M6gamma,M6,M7gamma,72,M6
2MASSI J1607152+312525,M6,M6,M6,73,M6
1608-2306,esdM0,M0,esdM0,20,M0
2MASS J16090168-2740521,M8gamma,M7gamma,M8beta,156,M7gamma
2MASS J16091145+2116587,L2,L2,L2,47,L2
2MASS J16231308+3950419,L2,L2,L2,66,L2
2MASS J16115430-2157020,M8gamma,M8gamma,M8gamma,101,M8gamma
2MASS J16123860+3126489,L1beta,L2beta,L1beta,25,L1beta
2MASS J16130315+6502051,sdM4,sdM5,sdM4,31,sdM4
2MASS J16134550+1708270,M9,L0,L0,150,L1
2MASS J16135698+4019158,L3,L3,L3beta,29,L3beta
SDSS J161459.98+400435.1,L2beta,L2beta,L2beta,29,L0beta
2MASS J16154255+4953211,L6gamma,L6gamma,L6gamma,64,L6gamma
SDSS J161611.36+521328.0,L0,L0beta,L0,66,L1
PSO J244.1180+06.3598,L7,L7,L7,16,L7
SDSS J161731.65+401859.7,L4gamma,L2,L7,20,L2gamma
2MASS J1617425+051529,M8beta,M8beta,M8beta,99,d/sdM8
2MASS J16184503-1321297,L0,L0,L0,158,L0
SDSS J161928.31+005011.9,L1,L1,L1,129,L1
2MASS J16195827-2832276,L0beta,L0,L0beta,16,L0beta
LEHPM 2-1973,M7,d/sdM5,M6,40,M6
GJ 618.1B,L1,L3,L1gamma,77,L1gamma
2MASS J16210822+2938480,d/sdM8,d/sdM8,d/sdM8,58,d/sdM8
LSPM J1623+2212,sdM4,sdM2,sdM4,44,sdM4
WISE J162359.70-050811.4,L1,L1,L1,131,L1
2MASS J16242936+1251451,L0,L0,L0,52,L0
PSO J246.4222+15.4698,T5,T5,T5,5,T5
SDSS J16260303+2113130,L3,L4,L4,82,L4
SIMP J16270845+0546304,M9,M9,M9,21,L0
2MASS J16271142-2348505,M9,M9beta,L0,152,M9gamma
LP 275-39,M6,M6,M6,220,M6
SIMP J16275003+0836036,M9,M9,M9,70,M9gamma
PSO J247.3273+03.5932,T2,T2,T2,55,T2
2MASS J16293704+1415435,M8,M8beta,d/sdM6,7,M8beta
SDSS J163030.53+434404.0,L8,L8,L8,40,L8
SDSS J16311227+32271141,M7,d/sdM7,M7,195,M7
2MASS J16322360+2839567,L0,L0,L0,18,L0
SDSS J163239.34+415004.3,T2,T1,T1,16,T2
HD 149361B,L2beta,L2beta,L2beta,115,L1
2MASSW J1632588-063148,M8,M8,M8,252,M8
LSPM J1633+3733,sdM2,sdM5,sdM5,23,sdM5
SDSS J16351918+42230531,M8gamma,M8,M8,188,M8
SDSSp J163600.79-003452.6,M9,M9,M9,92,M9
WISE J16360571-0440138,M4,M5,d/sdM4,212,d/sdM4
2MASS J16360752+2336011,L1,L1,L1,27,L1
2MASS J16370238+2520386,L4,L4,L4,23,L4
2MASS J16382073+1327354,L2beta,L2beta,L1beta,17,L1beta
2MASS J16390818+2839015,M8beta,M8beta,M8beta,36,M8beta
2MASS J16403561+2922225,d/sdM5,d/sdM5,d/sdM5,15,d/sdM5
2MASS J16403870+5215505,M9,M9,M9,15,L0
2MASS J16404923-2129596,L0beta,L0beta,L0,38,L0
2MASS J16410015+1335591,L0beta,L0beta,L0beta,28,L0beta
2MASS J16443963+2600128,L1,L1,L1,52,M8
2MASS J16452207+3004071,L3,L3,L2,97,L2
2MASS J1646402-130612,M7,d/sdM5,M7,66,d/sdM8
2MASS J16470847+5120088,M9,L0,M9,28,M9
WISE J164715.57+563208.3,L7,L7,L7,32,L7
2MASS J16490419+0444571,M8,M8,M8,200,M8
SDSS J164916.89+464340.0,L2,T0,T0,15,T1
WISE J165311.05+444422.8,T8,T8,T8,3,T8
SDSS J165329.69+623136.5,L2beta,L2beta,L2beta,54,L2beta
SDSS J16545079+3747146,L1,L1,L1,76,L1
2MASSI J1656188+283506,L3,L6,L6,26,L6
2MASS J16573454+1054233,L1,L1,L1,133,L1
2MASS J1657464+624229,M7gamma,M7gamma,M7gamma,29,M8beta
WISE J165842.56+510335.0,L4,L4,L4,66,L3
SDSS J16585026+1820006,M9,L1,M9gamma,68,M9gamma
2MASS J16592987+2055298,M9,M9,M9,22,M9gamma
SDSS J165950.9+351508.0,L1,L1,L1,102,L1
LSPM J1703+5910,M6,d/sdM6,d/sdM6,82,d/sdM6
SDSS J17031670+19063603,M9,M9,L0,41,L0
2MASS J17033593+2119071,M9,M9,M9,43,M9
WISE J170353.06-033748.7,M4,M4,d/sdM4,304,d/sdM4
GJ 9584C,M4,M4,M4,370,M4
DENIS-P J170548.38-051645.7,L1,L1,L1,192,L1
2MASS J17065487-1314396,L4,L2,L3,77,L3
2MASS J1706575-042853,M8beta,M6beta,d/sdM6,37,M8beta
DENIS J1707252-013809,L1,L1,L1,60,L1
2MASSI J1707333+430130,L0,L0,L0,152,L1
2MASS J17081563+2557474,L2gamma,L2gamma,L2gamma,58,L2gamma
SIMP J17084651+2606449,L2beta,L2beta,L2beta,22,L2beta
2MASS J1710181+140105,M6,M6,M6,46,M6
SDSS J17104934+33232518,M8,M8,M8,83,M8
WISE J171104.60+350036.8,T8,T8,T8,2,T7
2MASS J17111353+2326333,L0beta,L0beta,L0beta,89,L0beta
2MASS J17120142+3108217,L6,L6,L6,41,L1gamma
GJ 660.1A,M0,M1,M1,201,sdM2
2MASS J1713369+021911,M5,d/sdM4,M5,32,M5
PM J17137-4535,esdM0,esdM0,esdM0,140,esdM0
2MASS J17145224+2439024,L1,L1,L1,17,L1
WISE J17154570+2547529,M8beta,M8beta,M8beta,40,M8beta
2MASS J17161258+4125143,L5,L3,L2,16,L1gamma
2MASS J17164260+2945536,L2,L3,L2,24,L3
2MASSI J1717045+150953,M8beta,M8,M8beta,64,M8beta
SDSS J171714.10+652622.2,L6,L8,L8,104,L7
SDSS J17175402+64274503,d/sdM8,M8,M8beta,87,M8beta
WISEA J172120.69+464025.9,M9,T0,T0,13,T1
WISE J172134.46+111739.4,T6,T6,T6,3,T6
SDSS J172244.32+632946.8,L1,L2beta,L2beta,59,L2beta
SDSS J17225965+56281455,M8,M8,M8,60,M8
2MASS J17252029-0024508,d/sdM6,d/sdM5,d/sdM6,45,d/sdM6
SDSS J17254384+5325349,M8gamma,M8,M8beta,81,M7gamma
2MASS J17254557+6405005,L1,L2,L1,11,L1
WISE J17262979-0247460,M6,d/sdM6,d/sdM6,18,d/sdM6
WISE J172733.09-155414.2,sdM4,sdM2,sdM4,189,sdM4
WISE J17283590-1136506,M6,d/sdM2,d/sdM6,30,d/sdM6
WISE J17294068+4352165,esdM6,esdM8,esdM8,7,esdM0
SDSS J173101.41+531047.9,L5,L5,L5,21,L5
2MASS J17320014+2656228,L2beta,L1,L1,46,L1
2MASS J1732339+250549,M8beta,M8beta,M8beta,77,d/sdM8
2MASS J17330480+0041270,d/sdM7,d/sdM7,d/sdM7,23,d/sdM5
UCAC4 535-065571,M6,M5,M6,256,M6
2MASS J17364839+0220426,M8beta,M8,M8beta,48,M8
WISE J173859.27+614242.1,L6gamma,L6gamma,L6gamma,24,L6gamma
2MASS J17392515+2454421,L4,L4,L4,27,L4
WISE J17395322+5532451,M8beta,M8beta,M8beta,199,M8beta
WISE J17405782+1317094,L9,L9,L9,16,L9
WISE J174102.78-464225.5,L6gamma,L6gamma,L6gamma,63,L6gamma
WISE J174113.12+132711.9,T5,T5,T5,4,T5
2MASSI J1743348+584411,L0,L1,L1,133,L1
2MASS J17440969+5135032,L0beta,L0beta,L1beta,24,L1beta
2MASS J17461199+5034036,L4,L4,L4,47,L3
2MASS J1748092+113944,M6,d/sdM6,d/sdM6,40,d/sdM8
WISE J174928.57-380401.6,esdM0,esdM0,esdM0,109,esdM0
SDSS J175024.01+422237.8,T2,T2,T2,20,T2
2MASS J17502484-0016151,L4,L4,L4,98,L4
2MASS J1754544+164920,T5,T5,T5,26,T5
WISE J175510.28+180320.2,T3,T3,T2,26,T3
2MASS J17565620-4805096,L1,L1,L1,140,L1
SDSS J175805.46+463311.9,T6,T7,T7,11,T7
2MASS J18000116-1559235,L3,L3,L3,101,L3
WISEP J180026.60+013453.1,L8,L8,L8,163,L8
2MASSI J1807159+501531,L2beta,L2beta,L2beta,118,L2beta
WISE J180901.07+383805.4,T7,T7,T7,3,T7
LSPM J1810+4309,sdM4,sdM4,sdM4,56,sdM4
2MASS J18112466+3748513,sdM9,sdM9,sdL0,4,d/sdM9
SIMP J18115567+2728407,L1,L2,L1,36,L1
2MASS J18212815+1414010,L5,L5,L5,148,L5
2MASS J1822433+531850,M6,M6,M6,55,M6
2MASS J18244344+2937133,M6,M6,M6,42,M6
2MASS J18282794+1453337,M9,M9,M9,24,M9
2MASS J18283572-4849046,T5,T6,T6,6,T6
2MASS J18284076+1229207,d/sdM8,d/sdM8,d/sdM8,94,d/sdM8
2MASS J1835379+325954,M8,M8,M8,19,M8
2MASS J18355309-3217129,d/sdM5,d/sdM5,d/sdM5,45,d/sdM5
2MASS J1839059+365547,d/sdM6,M6,d/sdM7,43,d/sdM7
SDSS J183929.17+442438,M8,M8,M8,112,M8
2MASSW J1841086+311727,L5,L5,L5,47,L5
2MASS J18411320-4000124,M8beta,M8beta,M8beta,26,M8beta
LHS 3406,M8beta,M8beta,M8beta,114,M8
2MASS J18451926+38534884,M0,M0,M0,206,M0
WISE J185215.76+353716.7,T7,T7,T7,5,T7
2MASS J1852192+351453,M6,M6,M6,30,M6
2MASS J18530004-4133275,d/sdM7,d/sdM7,d/sdM7,34,d/sdM4
WISE J18584722-2420518,M8beta,M8beta,M8beta,88,M8beta
2MASS J19010601+4718136,T5,T5,T5,20,T5
WISE J190624.74+450807.1,T6,T6,T6,13,T6
WISE J19072256+4727453,L6,L6,L6,36,L6
DENIS-P J1909081-193748,L2beta,L2beta,L2beta,95,L2beta
2MASS J19163888-3700026,L0,L0,L0,19,L1
WISE J191915.54+304558.4,L9,L9,L9,55,L9
2MASS J19233810-3308410,M8gamma,M8,M8beta,175,M7gamma
NLTT 47780,M7,d/sdM8,M8beta,14,M7gamma
2MASS J19285196-4356256,L6,L6,L6,50,L6
SSSPM 1930-4311,sdM7,sdM7,sdM7,93,sdM8
2MASS J19310458-0306186,M6,M6,M6,167,M6
WISE J19323571+0133556,M0,M0,M0,8,M0
DENIS JJ1934511-184134,M8,M8,M8,97,M8
2MASS J19355595-2846343,L0beta,L0beta,L2beta,130,L2beta
2MASS J19390462-4239251,L0,M9,L0,11,M9
WISE J194128.98-342335.8,d/sdM7,d/sdM8,d/sdM8,62,M7
2MASS J19415458+6826021,L2,L2,L2,27,L2
LHS 3480,M6,M4,M6,90,d/sdM6
2MASS J19445221-0831036,d/sdM8,M6beta,d/sdM6,46,d/sdM6
2MASS J19464850-1145202,L0,M9,L0,84,M9
2MASS J19475198-3438572,M8gamma,d/sdM8,M7gamma,25,M7gamma
2MASS J19495702+6222440,L2,L2beta,L1beta,17,L1beta
WISE J195113.62-331115.7,L1,L2,L1,37,L1
WISE J195311.04-022954.7,d/sdL1,d/sdL1,d/sdL1,34,M9gamma
2MASS J19561542-1754252,M8,M8,M8,78,M8
LEHPM 2-15,sdM7,sdM7,sdM7,173,sdM7
2MASS J20014571-3805580,M4,M4,M4,12,M4
2MASS J20033545+1158552,M6,M6,M6,24,M6
2MASSI J2004536-141622,M8,M8,M8,221,M8
WISE J20070619-0409032,M8beta,M8beta,M8beta,98,M8beta
WISE J200804.71-083428.5,T5,T5,T5,11,T5
DENIS J20131080-1242440,L2beta,L2beta,L2beta,73,L2beta
2MASS J20135152-2806020,L0,M9beta,L0,128,M9gamma
2MASS J20140681-0036482,d/sdM7,d/sdM7,M7,12,M7
WISE J20150266-0726503,d/sdM7,d/sdM5,d/sdM5,39,M7
2MASS J20263647+0439400,M9,M9,M9,121,L0
SDSS J202820.32+005226.5,L2,L2,L2,166,L2
2MASS J20283175+6925116,M5,M4,M5,12,M5
2MASS J20343769+0827009,L1,L1,L1,105,L1
2MASS J2035203-311008,M8beta,M8beta,M8beta,154,M8beta
2MASS J20364425-0847138,d/sdM8,d/sdM8,d/sdM8,201,d/sdM8
LHS 3566,M6gamma,M6beta,d/sdM6,64,d/sdM6
WISE J204027.24+695923.7,sdM9,sdM9,sdL0,53,sdL0
2MASS J20414283-3506442,L2,L2,L2,56,L2
LEHPM 2-349,esdM0,esdM0,esdM0,16,esdM0
SDSS J204317.69-155103.4,L9,L9,L9,22,L9
SDSS J204724.7+142152,M8,M8,M8,9,M8
SDSS J204749.61-071818.3,L9,L9,L9,30,L9
2MASS J20494090+1140068,M8beta,M6beta,M8beta,32,M8beta
LEHPM 2-246,M6,M6,d/sdM6,97,M6
WISEA J205202.06-204313.0,L9,L5,L5,23,L5
LEHPM 2-381,M8,M8,M8,175,M8
2MASSI J2054358+151904,L1beta,L1beta,L1beta,51,L1beta
2MASS J2055213+194157,M5,M5,M5,48,M6
2MASSI J2057153+171515,L1beta,L1beta,L1beta,55,L1beta
2MASSI J2057540-025230,L2beta,L2beta,L2beta,195,L2beta
2MASS J2058508-391320,M6,d/sdM6,M6,19,M6
2MASSI J2104149-103736,L2,L2beta,L0beta,51,L2
2MASS J21050130-0533505,M8beta,M7beta,M8beta,54,M8beta
SDSS J210515.30-003701.5,L0beta,L2,L1,20,L2beta
SDSS J21071053+05014555,M6,M6,M6,20,M6
2MASSI J2107316-030733,M9,L1,L0,120,L1
2MASS J21075409-4544064,L0,L0beta,L2,45,L2
2MASS J21100889+2132483,M8,M8,M8,47,M8
2MASS J21115335-0644172,M9,M9,L0,32,L0
2MASS J2115579+084115,M6,d/sdM6,d/sdM6,27,d/sdM6
2MASS J21163374-0729200,L3beta,L3beta,L3beta,37,L7
2MASS J21171733-1836170,L1,L1,L1,67,L1
WISE J211807.07-321713.5,L2beta,L1beta,L2beta,30,L2beta
HB 2115-4518,M8,M8,M8,108,M8
SDSS J211846.77-001044.6,L1,L1,L1,35,L1
2MASS J21203387-0747208,L4,L2,L3,48,L3
SDSS J212033.89+102159,M8,M8,M8,104,M8
WISE J212321.92-261405.1,T6,T6,T6,2,T6
2MASS J21233110-2345180,M8beta,M8beta,M8beta,109,M7gamma
WISE J212354.78-365223.4,L2beta,L2beta,L0beta,26,L2beta
SDSS J212413.89+010000.3,T5,T5,T5,12,T5
2MASS J21243864+1849263,L9,L9,L9,30,L9
HB 2124-4228,M8,M8,M8,104,M8
2MASS J2129426-025836,M2,M2,M3,47,sdM4
HB 2126-4459,M8,M8,M8,75,M8
2MASS J21312183-0947595,L0,M9,L0,15,L0
2MASS J21324898-1452544,T4,T4,T4,13,T4
SDSS J213307.94+232159,M9,L0,M8,93,M8
LHS 6379,M5,M4,M5,191,M5
2MASS J21363029+0515329,M8,M8,M8,207,M8
2MASS J21371044+1450475,L1,L1,L1,140,L1
DENIS J21391360-3529500,L1,L1,L1,48,L1
2MASS J21392224+1124323,M8,M8,M8,15,M8
2MASS J21395208+2148397,L6,L6,L6,35,L1gamma
2MASS J21403907+3655563,M9,M9beta,M9gamma,27,M9gamma
SDSS J214046.55+011259.7,L2,L2,L2beta,44,L2beta
2MASS J2142398+312349,M6,M6,d/sdM6,30,d/sdM6
SIMP J21430506-1544394,M8,M8,M8,30,M8
HN Peg B,T2,T3,T3,38,T2
SDSS J214527.82-073434.2,L0,L0,L0,59,L1
2MASS J21472764+0101040,M9,M9,M9,95,M9
SDSS J214956.55+060334,M8,M8,M8,131,M8
2MASS J21512543-2441000,L3beta,L3beta,L3beta,61,L3beta
SDSS J215125.90-000200.7,M9,M9,M9,45,M9
LEHPM 2-314,esdM8,esdM8,esdM8,14,esdM8
2MASS J21513839-4853542,T4,T4,T4,19,T4
2MASS J21513979+3402444,L8,L6,L6,36,L6
SDSS J215339.77+295005,M8,L0,M8,74,M8
2MASS J21542494-1023022,T4,T4,T4,18,T4
2MASS J21543318+5942187,T5,T5,T5,13,T5
LHS 515,esdM4,esdM4,esdM5,206,esdM5
2MASS J21555848+2345307,L2,L2,L2,56,L2
2MASS J2201236+213135,M6,M6,d/sdM6,26,M6
2MASS J22021302-0228558,M9,M8,M8,68,M8
SIMP J22030176-0301107,M8gamma,M8,M8,32,M8
2MASS J22035781+0713492,L1,L2,L1,26,L1
2MASS J22044198-0036510,M9,M9,M9,57,M9
DENIS-P J220622.7-204706,M8,M8,M8,131,M8
2MASSW J2206450-421721,L3beta,L3beta,L3beta,58,L3beta
2MASS J22114470+6856262,L1beta,L2beta,L2,32,L2
2MASS J22120703+3430351,L6,L6,L6,54,L6
SIMP J22130498+1255078,M8,M8,M8beta,10,M8
2MASS J22134491-2136079,L0gamma,L0gamma,L0gamma,76,L0gamma
WISE J221354.68+091139.4,T7,T7,T7,8,T7
PSO J334.8034+11.2278,L5,L5,L5,35,L5
2MASS J221912830+11134060,L5,L5,L5,34,L5
SDSS J2221531+1158219,M8gamma,M8,M7gamma,181,M7gamma
2MASS J22225588-4446197,M8,M8,M8,96,M8
WISE J222409.64-185242.1,d/sdM8,d/sdM8,d/sdM8,52,M7gamma
LHS 3806,sdM2,sdM2,sdM2,78,sdM2
2MASS J22270083-1231482,M5,M6,M5,41,M5
LHS 523,M7gamma,M5,M7,142,M7
PSO J337.4314+16.4215,M9gamma,M9,M9gamma,19,M9gamma
2MASS J22295358+1556180,L2,L2,L2,53,L2
ULAS J222958.30+010217.2,T2,T3,T3,8,T3
SDSS J22304238+0111501,M9,M9,M9,34,M9
LEHPM 1-4807,sdM6,sdM7,sdM6,44,sdM6
WISEA J223343.53-133140.9,T3,T3,T3,12,T3
2MASPJ2234330+291850,M8beta,M8,M8beta,118,M8beta
2MASS J22355013+1227370,M9,M9,M9,61,M9
WISE J223617.59+510551.9,T5,T5,T5,42,T5
WISE J223729.52-061434.4,T5,T5,T5,4,T5
G 216-7B,M9,M9,M9,100,M9
2MASSI J2238074+435317,L2beta,L2,L2beta,177,L1
WISE J223937.55+161716.1,T3,T3,T3,35,T3
2MASS J2241554+164752,M5,M5,M5,71,M5
SDSS J22434553-08215302,M8gamma,M8beta,M8beta,44,M8beta
2MASS J22453832-0722060,sdM7,sdM7,sdM7,22,sdM7
SDSS J224605.41+141640.6A,M4,sdM4,sdM4,132,M3
2MASS J22465014-0643357,M6,M6,M6,60,M6
2MASS J22470170+1955286,M8,M8,M8,94,M8
2MASS J22483513+1301453,L1,L1,L1,15,L1
SIMP J22484809-0126570,L1,L1,L1,24,M9gamma
SDSS J225003.72+143046.7,M9,M9,M9,94,M9
2MASSI J2252014-181558,M9,M9,M9,110,M9
HD 216405C,M8,M8beta,M8beta,14,M8beta
SIMP J22543828+1640488,L1,L1,L1,71,L1
WISE J225540.75-311842.0,T8,T8,T8,3,T8
ULAS J22585405+0113512,M8,M8,M8,49,M8
SDSS J225913.88-005158.2,L2,L1,L2,48,L2
PSO J344.8146+20.1917,L3gamma,L3,L3gamma,30,L3gamma
2MASS J22593244+4450284,M7gamma,M7,M7gamma,105,M7gamma
2MASS J2300152+371720,d/sdM7,d/sdM5,sdM7,28,sdM7
WISE J230133.32+021635.0,T6,T6,T6,7,T6
2MASS J23023319-0935188,M8,M8,M8,9,M8
2MASS J2306292-050227,M8beta,M8beta,M8beta,143,M8beta
SDSS J230809.9-313122,M7beta,M7beta,M8beta,84,M8beta
DENIS J2308113-272200,L1beta,L2beta,L2beta,122,L2beta
2MASS J23092857+3246175,M8,M8,M8,47,M8
SSSPM J2310-1759,L1,L1,L1,111,L1
NLTT 56194,M6,M6,M6,245,M6
SDSS J231725.15-005433.6,M8,M8,M8,68,M8
2MASS J23174712-4838501,L3beta,L4beta,L3beta,63,L3beta
2MASS J23185497-1301106,T4,T4,T4,19,T4
WISE J231939.14-184404.4,T8,T7,T7,2,T7
LHS 3933,M6,d/sdM7,M7gamma,90,M7gamma
2MASS J2320292+412341,L0,L1,L0,117,L1
2MASS J23211254-1326282,L2beta,L1beta,L2beta,132,L1
SDSS J232136.11-002819.1,M8,M8,M8,50,M8
WISE J232219.45-140726.2,d/sdL1,d/sdL1,d/sdL1,39,d/sdL1
2MASS J2322587+430146,M6,d/sdM6,M6,24,M6
WISE J23230708+0541130,L9,L9,L9,18,L5
SDSS J232313.4-024435,M8,M8,M8,99,M8
2MASS J23254530+4251488,L9,L9,L9,27,L6
2MASS J2325560-025950,L1,L1gamma,L1gamma,78,L1gamma
2MASS J23270985+2341364,M7,d/sdM5,M7,21,M7
WISE J232728.74-273056.6,L9,L9,L9,34,L9
2MASS J23291290+2704152,M7,d/sdM7,M8beta,67,M7gamma
2MASS J23294790-1607550,M9,M9,M9,161,M9
LSPM J2329+5055,sdM7,sdM5,sdM7,53,sdM5
2MASS J23302258-0347189,L1,L1,L1,136,L1
LSPM J2331+4607N,d/sdM7,sdM5,d/sdM5,42,sdM7
LSPM J2331+4607S,sdM5,sdM6,sdM6,140,sdM5
2MASS J23312378-4718274,T5,T5,T5,6,T5
2MASS J23312935+1552220,L0,L0,L0,89,L0
2MASS J23313131+2041273,L4,L4,L3,76,L3
SDSS J233224.38-005025,M8beta,M8beta,M8beta,92,M8beta
SIMP J23324336-1249383,L1beta,L1beta,L1beta,21,L2beta
LSPM J2332+5102,sdM4,sdM5,d/sdM4,60,sdM4
WISE J23333346+0251284,L6,L6,L6,26,L6
SDSS J233350.76-000011.3,M8,M8,M8,41,M8
2MASS J23335838+0050110,M9,L0,M9,39,M8
2MASS J23343177-1509294,M8,M8,M8,67,M8
NLTT 57259,sdM4,sdM4,sdM4,26,sdM4
NLTT 57262,M1,M1,M1,125,M3
LSPM J2334+0250,d/sdM5,sdM5,sdM7,85,M6gamma
SDSS J23352642+0817213,L0,L0,M9,108,L0
SDSS J233548.58+150851.3,M8,M8,M8,17,M8
2MASS J23355852-0013040,M8,M8,M8,32,M8
2MASS J23363834+4523306,M8beta,M8beta,M8beta,23,M8beta
LP 402-58,M7beta,M7beta,M8beta,180,M8beta
SDSS J23371664-09332480,M8,M8,M8,148,M8
2MASS J23381868-4726132,M9,M9,M9,88,M9
WISE J234026.61-074508.1,T7,T6,T6,9,T7
2MASS J2341286-113335,M8beta,M8beta,M8beta,156,M8beta
WISE J234228.98+085620.2,T6,T6,T6,8,T6
2MASS J23443744-0855075,M9,L0,M9,37,M9
SDSS J234654.7-315353,M8,M8,M8,54,M8
2MASSI J2347367+270206,M9,M9,M9,152,M9
2MASS J23480816+4052343,M8beta,M8beta,M8beta,23,M8beta
WISE J234841.10-102844.1,T7,T7,T7,6,T7
2MASS J23512200+3010540,L7,L7,L7,68,L7
1RXS J2351+3127B,M8gamma,M8gamma,M8,84,M9gamma
2MASS J23515044-2537367,M9,M9,M9,248,M9
2MASS J2352050-110043,M8beta,M8beta,M8beta,303,M8
2MASS J23531922+3656457,M9,M8,M9,55,M9
DENIS-P J2353-0833,M8,M8,M8,222,M8
WISE J235408.36+551854.5,d/sdM8,d/sdM8,d/sdM8,71,d/sdM8
WISE J23542231-0811297,L2gamma,L2gamma,L2gamma,24,L2gamma
DENIS J23545990-1852210,L1,L1,L1,118,L1
2MASSI J2356547-155310,T5,T5,T5,18,T5
WISE J235716.49+122741.8,T6,T6,T6,8,T6
